DATE,AFDIS,AFRICAN SUN,ART ZDR,ARISTON,AXIA,B A T,CAFCA,CBZ,CFI,DAIRIBORD,DELTA,ECOCASH,ECONET,EDGARS,FBCH,FIDELITY,FCA/BARCLAYS,(fml)/AFRE,FMP,GB HOLDINGS,GET BUCKS,HIPPO,INNSCOR,LAFARGE CEMENT,MASH  HLDS,MASIMBA,MEDTECH,MEDTECH CLASS B,MEIK,NAMPAK,NATFOODS,N T S,N.M.B,OK ZIMBABWE,PROPLASTICS,R T G,RIOZIM,SEED-CO,SIMBISA,STAR AFRICA,TANGANDA,TRUWORTHS,T. S. L,TURNALL,UNIFREIGHT,WILLDALE,ZBFH,ZECO,ZIMPAPERS,ZIMPLOW,ZIMRE,,,,,,,,,,
3-Jan-22,121.0245,6.3358,10.3250,3.7116,35.0000,"3,201.0000",170.0000,80.3203,93.5714,38.0000,159.9494,46.9231,85.0063,4.6000,33.8556,16.0000,3.6000,20.0000,7.3140,2.2853,6.0000,280.0000,162.0787,80.0500,3.2614,55.0000,35.0000,25.0000,125.0588,11.5000,"1,374.5882",6.3000,9.4000,26.1653,29.0000,7.7000,40.0000,105.5489,90.5755,1.1665,,2.3000,75.0000,3.5000,29.1667,3.6000,77.0000,0.0048,2.9100,23.6000,3.8461,,,,,,,,,,
4-Jan-22,121.0051,6.3144,10.3500,3.6361,35.2683,"3,200.0000",170.0000,74.9429,93.5714,38.0000,154.6434,43.5048,84.7131,4.6000,33.8994,16.0000,3.5653,21.0000,6.7254,2.2863,6.0000,278.6860,159.6487,80.0100,3.2179,53.8600,35.0000,25.5000,125.0245,11.9242,"1,404.2857",6.3000,10.9951,26.0130,29.0000,7.2938,40.0000,105.0000,94.8752,1.2137,,2.2821,75.0000,4.1352,29.0000,3.3802,77.0000,0.0048,2.9135,22.9990,3.6504,,,,,,,,,,
5-Jan-22,125.0000,6.4609,10.3335,3.6364,37.0089,"3,200.0000",170.0000,76.0000,93.5714,38.7500,154.7532,44.9015,85.0001,4.8750,33.9833,16.0000,3.5998,21.0000,7.5000,2.2800,5.7500,278.7000,160.1767,80.0500,2.9956,54.0000,34.0000,25.5000,125.0000,11.0000,"1,404.2857",6.3000,11.0343,26.1877,28.9500,7.3000,40.0000,105.0000,95.7380,1.1981,,2.3200,75.0000,4.1847,27.7692,3.6969,76.9969,0.0048,3.0000,23.0000,3.3633,,,,,,,,,,
6-Jan-22,125.0000,5.6567,10.5000,3.6018,38.9376,"3,200.0000",170.0000,76.7333,90.0500,38.7500,155.0677,44.8894,85.9528,5.0000,33.9833,15.9964,3.6000,21.0000,7.4500,2.1333,5.7500,278.7000,161.4380,80.0500,3.1520,54.0000,34.0000,25.5000,124.9570,11.0000,"1,384.8404",6.0000,11.0015,26.2427,28.9997,7.3000,40.0000,110.0000,96.6512,1.1836,,2.3200,75.0000,4.4614,29.0000,3.6964,77.0000,0.0048,3.0000,23.1923,3.5006,,,,,,,,,,
7-Jan-22,125.0000,6.1543,10.3773,3.6006,38.3688,"3,100.0000",170.0000,78.0934,90.0500,38.7500,156.8017,44.9784,86.3981,5.0000,33.8652,15.4980,3.4412,21.0000,7.4000,2.1391,5.1833,278.7000,164.9914,80.0500,3.1000,54.0000,33.6667,25.5000,124.9586,11.0000,"1,385.0000",6.0000,11.2795,26.2634,28.7000,7.3100,40.0000,110.0184,100.0325,1.1704,,2.3000,75.0000,5.0000,29.0564,3.6473,70.0000,0.0096,3.0000,23.0000,3.5000,,,,,,,,,,
8-Jan-22,125.0000,6.1543,10.3773,3.6006,38.3688,"3,100.0000",170.0000,78.0934,90.0500,38.7500,156.8017,44.9784,86.3981,5.0000,33.8652,15.4980,3.4412,21.0000,7.4000,2.1391,5.1833,278.7000,164.9914,80.0500,3.1000,54.0000,33.6667,25.5000,124.9586,11.0000,"1,385.0000",6.0000,11.2795,26.2634,28.7000,7.3100,40.0000,110.0184,100.0325,1.1704,,2.3000,75.0000,5.0000,29.0564,3.6473,70.0000,0.0096,3.0000,23.0000,3.5000,,,,,,,,,,
10-Jan-22,125.0000,6.1543,10.3773,3.6006,38.3688,"3,100.0000",170.0000,78.0934,90.0500,38.7500,156.8017,44.9784,86.3981,5.0000,33.8652,15.4980,3.4412,21.0000,7.4000,2.1391,5.1833,278.7000,164.9914,80.0500,3.1000,54.0000,33.6667,25.5000,124.9586,11.0000,"1,385.0000",6.0000,11.2795,26.2634,28.7000,7.3100,40.0000,110.0184,100.0325,1.1704,,2.3000,75.0000,5.0000,29.0564,3.6473,70.0000,0.0096,3.0000,23.0000,3.5000,,,,,,,,,,
10-Jan-22,125.0000,6.1094,10.3750,3.5912,40.0219,"3,095.0000",170.0000,81.2222,90.0500,39.5000,156.1286,44.9281,85.9986,5.2000,33.8652,16.0000,3.4124,21.2567,7.4422,2.0580,5.7500,278.7000,168.7192,82.0000,3.1052,53.9972,28.8550,26.0000,124.9960,11.0000,"1,386.0000",6.0000,13.2000,25.9032,28.7000,7.3486,40.0000,110.0000,101.7136,1.2493,,2.3000,75.0000,4.0085,30.0000,3.5198,70.0000,0.0100,2.9000,24.0000,3.5000,,,,,,,,,,
11-Jan-22,125.0000,6.1043,10.3500,3.2480,40.0104,"3,090.0000",170.0000,75.0841,90.0500,32.0093,159.2477,44.0020,86.0172,5.0113,32.0000,15.7000,3.4741,19.0000,7.4500,2.1070,5.7500,260.8389,176.1023,82.0000,2.5844,54.0000,28.9000,26.0000,125.0000,11.5000,"1,386.0000",6.0000,13.0095,26.1780,28.7000,7.4000,40.0000,110.2221,102.2641,1.2526,,2.3000,75.0000,4.2000,28.4594,3.4974,70.0000,0.0100,2.9000,23.9970,3.4001,,,,,,,,,,
12-Jan-22,125.0000,6.0041,10.5000,3.3204,40.9743,"3,090.0000",170.0000,70.9477,90.0500,31.0000,172.4413,45.5219,86.3997,5.0000,31.8942,15.6000,3.5009,17.0000,7.0000,2.1715,5.6000,260.0000,185.9649,82.0000,2.5006,54.0000,23.1500,26.0000,125.0500,11.5000,"1,386.0000",6.0000,13.0160,26.1643,28.7000,7.3659,40.0000,112.1000,102.6877,1.2869,,2.3000,90.0000,4.2000,28.4500,3.4934,70.0000,0.0100,2.9025,24.0000,3.3873,,,,,,,,,,
13-Jan-22,125.0000,6.0008,10.5000,3.2978,40.1644,"3,090.0000",170.0000,70.9050,102.0000,37.1250,189.7583,45.6614,93.1397,4.8579,31.8942,15.6500,3.5915,17.0000,6.9931,2.0814,5.2361,260.0000,211.8575,82.0000,2.5899,54.0000,22.5417,26.0000,126.9606,12.0000,"1,386.0000",6.0000,15.0000,27.6710,28.7000,7.3990,40.0000,112.3009,107.0161,1.2694,,2.1000,90.0000,4.5000,28.4500,3.4583,76.9951,0.0100,2.9044,24.0096,3.4000,,,,,,,,,,
14-Jan-22,125.0000,6.9176,10.5000,3.3231,40.1644,"3,090.0000",170.0000,70.1017,102.0000,37.5318,195.9475,48.0940,93.3479,4.5500,31.9000,15.6500,3.4954,17.0000,7.0000,1.9434,5.6650,260.0000,214.1540,82.0000,2.8500,54.0000,20.0000,30.0000,149.1571,13.0000,"1,386.0000",5.0400,13.6831,27.9969,29.0000,7.4013,40.0000,112.9933,128.3854,1.5123,,2.1406,90.0000,4.5000,30.0000,3.3115,79.3750,0.0100,2.9000,24.0000,3.3631,,,,,,,,,,
15-Jan-22,125.0000,6.9176,10.5000,3.3231,40.1644,"3,090.0000",170.0000,70.1017,102.0000,37.5318,195.9475,48.0940,93.3479,4.5500,31.9000,15.6500,3.4954,17.0000,7.0000,1.9434,5.6650,260.0000,214.1540,82.0000,2.8500,54.0000,20.0000,30.0000,149.1571,13.0000,"1,386.0000",5.0400,13.6831,27.9969,29.0000,7.4013,40.0000,112.9933,128.3854,1.5123,,2.1406,90.0000,4.5000,30.0000,3.3115,79.3750,0.0100,2.9000,24.0000,3.3631,,,,,,,,,,
16-Jan-22,125.0000,6.9176,10.5000,3.3231,40.1644,"3,090.0000",170.0000,70.1017,102.0000,37.5318,195.9475,48.0940,93.3479,4.5500,31.9000,15.6500,3.4954,17.0000,7.0000,1.9434,5.6650,260.0000,214.1540,82.0000,2.8500,54.0000,20.0000,30.0000,149.1571,13.0000,"1,386.0000",5.0400,13.6831,27.9969,29.0000,7.4013,40.0000,112.9933,128.3854,1.5123,,2.1406,90.0000,4.5000,30.0000,3.3115,79.3750,0.0100,2.9000,24.0000,3.3631,,,,,,,,,,
17-Jan-22,125.0000,6.8859,10.0000,3.2232,45.0000,"3,090.0000",170.0000,70.1978,102.0000,37.5318,195.4582,52.8984,95.1749,4.8722,31.8250,15.0000,3.5844,17.0000,7.0321,1.9822,5.6650,260.0000,214.1971,82.0000,2.9577,50.0000,20.0000,30.0000,149.1571,13.0000,"1,386.0500",5.0400,13.5895,27.8018,29.0000,7.4846,45.0000,113.0000,128.4016,1.5527,,2.1425,90.0000,4.0000,30.0000,3.3453,79.3750,0.0100,2.9000,23.9480,3.2166,,,,,,,,,,
18-Jan-22,125.0000,6.8894,10.0000,3.3000,50.3687,"3,090.0000",170.0000,69.7800,102.0000,37.5536,195.0016,53.2197,96.0491,4.5375,32.0000,14.0588,3.4959,17.0000,7.4482,1.9662,6.0000,260.0000,214.0000,82.0000,2.9509,50.0000,21.1765,30.0000,142.6000,12.9925,"1,386.0500",5.0400,13.5891,26.7678,29.0000,7.5000,45.0000,111.5972,128.7663,1.7482,,2.1425,90.0000,4.0000,25.0000,3.3910,79.3750,0.0200,2.5000,23.1980,3.5217,,,,,,,,,,
19-Jan-22,125.0000,5.8000,10.0000,3.3051,41.1133,"3,090.0000",170.0000,65.0000,102.0000,37.5536,184.8172,54.9044,87.3808,4.2653,32.0000,14.0588,3.5235,17.0000,7.4500,1.7913,6.0000,260.0000,185.0596,82.0000,2.4585,52.0500,25.0000,30.0000,127.3306,12.9925,"1,386.0500",5.0400,13.3571,26.2015,29.0000,7.5000,45.0000,111.6760,122.5688,1.7339,,2.1425,75.2482,4.0500,26.0870,3.3971,79.3750,0.0200,2.9001,22.6724,3.7991,,,,,,,,,,
20-Jan-22,125.0000,6.9100,10.2451,3.4524,41.0000,"3,090.0000",170.0000,66.8582,102.0000,37.5536,178.2684,51.0400,82.0807,5.0000,31.0000,14.0588,3.4976,17.4444,7.4500,1.6775,6.0556,260.0000,185.0278,82.0000,2.5183,52.0500,25.0000,30.0000,121.9500,12.9925,"1,386.0000",5.0400,12.6177,24.9964,29.0000,7.5000,45.0000,115.0000,121.1269,1.6550,,2.1325,72.1000,4.0500,28.0000,3.4269,79.3750,0.0200,2.9025,23.0000,3.6718,,,,,,,,,,
21-Jan-22,125.0000,7.0000,10.3000,3.2453,41.1655,"3,090.0000",170.0000,67.0416,102.0000,37.5536,166.1726,50.4216,82.0010,4.9513,31.0000,14.0588,3.5003,17.4444,7.4000,1.6041,6.0556,260.0000,185.2130,82.0232,2.6000,52.0500,25.0000,32.0000,125.0000,12.9925,"1,386.0000",5.1000,12.6681,25.4665,27.5000,7.5000,45.0000,113.0000,125.0113,1.6035,,2.1325,80.0000,4.2500,28.0000,3.4000,79.3750,0.0200,2.9059,22.1765,3.5004,,,,,,,,,,
22-Jan-22,125.0000,7.0000,10.3000,3.2453,41.1655,"3,090.0000",170.0000,67.0416,102.0000,37.5536,166.1726,50.4216,82.0010,4.9513,31.0000,14.0588,3.5003,17.4444,7.4000,1.6041,6.0556,260.0000,185.2130,82.0232,2.6000,52.0500,25.0000,32.0000,125.0000,12.9925,"1,386.0000",5.1000,12.6681,25.4665,27.5000,7.5000,45.0000,113.0000,125.0113,1.6035,,2.1325,80.0000,4.2500,28.0000,3.4000,79.3750,0.0200,2.9059,22.1765,3.5004,,,,,,,,,,
23-Jan-22,125.0000,7.0000,10.3000,3.2453,41.1655,"3,090.0000",170.0000,67.0416,102.0000,37.5536,166.1726,50.4216,82.0010,4.9513,31.0000,14.0588,3.5003,17.4444,7.4000,1.6041,6.0556,260.0000,185.2130,82.0232,2.6000,52.0500,25.0000,32.0000,125.0000,12.9925,"1,386.0000",5.1000,12.6681,25.4665,27.5000,7.5000,45.0000,113.0000,125.0113,1.6035,,2.1325,80.0000,4.2500,28.0000,3.4000,79.3750,0.0200,2.9059,22.1765,3.5004,,,,,,,,,,
24-Jan-22,125.0000,7.0000,10.0750,3.2434,42.3052,"3,090.0000",170.0000,70.0760,102.0000,36.0067,163.7523,49.5774,83.3355,4.9513,31.0000,14.0588,3.6000,17.4444,7.4000,1.6082,6.0556,260.0000,186.0168,82.0232,2.4734,50.0000,23.0800,32.0000,122.3239,13.5000,"1,350.0000",5.1000,12.8300,26.8840,27.0000,7.5000,45.0000,110.0000,125.0111,1.4973,,2.1473,80.0000,4.2500,32.0000,3.4000,79.3750,0.0200,3.0000,22.1200,3.4686,,,,,,,,,,
25-Jan-22,125.0000,7.0561,10.5000,3.2216,42.7202,"3,085.0000",170.0000,71.0000,102.0000,38.0000,165.6233,52.0063,85.0006,4.9595,30.6982,14.0588,3.5004,18.0000,7.4100,1.6170,4.8500,260.0000,195.5423,82.0232,2.4726,50.0000,23.1000,32.0000,122.2917,13.5000,"1,350.0000",5.1100,12.9996,26.9300,27.0000,7.5000,45.0000,113.6364,129.0252,1.4937,,2.0000,80.0000,4.9707,33.5000,3.4010,79.3750,0.0200,2.9282,22.0000,3.4002,,,,,,,,,,
26-Jan-22,125.0000,7.4242,10.5000,3.5292,42.6885,"3,085.0000",170.0000,71.5000,102.0000,37.0000,172.1493,59.8798,86.4477,4.9928,30.3984,11.3500,3.5068,21.6000,7.4100,1.6209,4.8500,260.0000,202.3600,82.0232,2.4007,50.0000,23.1000,32.0000,120.6038,13.5000,"1,350.0000",5.1100,12.8930,27.1500,27.0000,7.5000,45.0000,113.6500,130.0757,1.4426,,2.0000,75.1111,4.9158,35.1667,3.2273,79.3750,0.0200,2.7801,22.0000,3.4989,,,,,,,,,,
27-Jan-22,125.0000,6.5274,10.2000,3.5339,43.1499,"3,075.0000",170.0000,78.5000,102.0000,35.0187,188.6207,59.0482,94.3992,4.4020,30.1176,11.3500,3.5010,21.8905,7.4000,1.6257,5.0200,260.0000,207.2950,82.0232,2.0049,48.0000,23.0833,32.0000,122.0435,13.5000,"1,300.0000",5.1100,12.9825,27.1032,27.0000,7.6272,45.0000,122.0000,131.7652,1.4731,,2.0000,75.0000,4.9525,33.5000,3.2164,79.3750,0.0200,2.7801,22.0000,3.5000,,,,,,,,,,
28-Jan-22,126.0000,6.5258,10.2000,3.5266,43.4133,"2,999.0000",170.0000,78.9921,102.0000,37.6000,187.8284,58.0115,97.9773,4.5000,30.0833,11.4000,3.4314,21.9842,7.0031,1.9003,5.0467,260.0500,209.0408,82.0232,2.3000,45.0735,23.1000,32.0000,120.1923,13.5000,"1,300.1463",5.1100,13.0022,27.0112,27.0000,7.5000,45.0000,125.0000,131.4290,1.5099,,2.0000,80.0000,4.9833,30.0000,3.2182,73.0000,0.0200,2.7801,20.4427,3.4733,,,,,,,,,,
29-Jan-22,126.0000,6.5258,10.2000,3.5266,43.4133,"2,999.0000",170.0000,78.9921,102.0000,37.6000,187.8284,58.0115,97.9773,4.5000,30.0833,11.4000,3.4314,21.9842,7.0031,1.9003,5.0467,260.0500,209.0408,82.0232,2.3000,45.0735,23.1000,32.0000,120.1923,13.5000,"1,300.1463",5.1100,13.0022,27.0112,27.0000,7.5000,45.0000,125.0000,131.4290,1.5099,,2.0000,80.0000,4.9833,30.0000,3.2182,73.0000,0.0200,2.7801,20.4427,3.4733,,,,,,,,,,
30-Jan-22,126.0000,6.5258,10.2000,3.5266,43.4133,"2,999.0000",170.0000,78.9921,102.0000,37.6000,187.8284,58.0115,97.9773,4.5000,30.0833,11.4000,3.4314,21.9842,7.0031,1.9003,5.0467,260.0500,209.0408,82.0232,2.3000,45.0735,23.1000,32.0000,120.1923,13.5000,"1,300.1463",5.1100,13.0022,27.0112,27.0000,7.5000,45.0000,125.0000,131.4290,1.5099,,2.0000,80.0000,4.9833,30.0000,3.2182,73.0000,0.0200,2.7801,20.4427,3.4733,,,,,,,,,,
31-Jan-22,126.0000,6.5464,10.2000,3.5000,43.3943,"2,999.0000",170.0000,80.0000,102.0000,35.0765,187.6513,54.2680,99.9671,4.9000,30.0000,12.0000,3.4056,21.9583,7.0000,1.9023,4.9174,260.0000,209.1946,82.0232,2.7600,45.0735,23.1000,32.0000,119.9400,13.5000,"1,300.1463",5.6000,13.0021,26.9867,27.0000,7.4583,44.0000,128.0515,131.7151,1.4651,,1.9809,80.0000,4.9833,30.0000,3.7000,73.0000,0.0200,2.7801,21.5000,3.4164,,,,,,,,,,
1-Feb-22,126.0000,6.6889,10.0000,3.4373,43.4892,"2,999.0000",170.0000,81.2308,102.0000,35.0000,192.3954,54.3342,100.0222,4.5625,29.0000,11.3333,3.3986,21.9583,6.5000,1.9000,5.0000,260.0000,210.5888,82.0232,2.9747,50.0000,25.0000,32.0000,125.0000,13.5000,"1,350.0000",5.6000,12.0000,26.9589,27.0000,7.3636,44.0000,129.4737,134.1829,1.4291,,1.9956,80.0000,5.5000,27.0000,3.6500,73.0000,0.0200,2.7800,21.4893,3.3234,,,,,,,,,,
2-Feb-22,125.0000,7.2857,9.8656,3.3571,43.0074,"2,999.0000",170.0000,82.9737,102.0000,35.0000,192.5308,55.0368,100.1472,4.5011,29.0000,11.3333,3.3455,21.0000,6.7500,1.8800,5.0000,260.0038,219.1796,82.0500,3.2000,45.0000,24.9875,32.0000,125.0000,13.4000,"1,350.0000",5.6000,12.2778,26.9814,27.0000,7.3636,43.7272,129.4737,134.6047,1.4064,,1.9981,80.0000,5.0037,31.0000,3.6386,73.0000,0.0200,2.7800,21.0068,3.2005,,,,,,,,,,
3-Feb-22,126.0000,6.9978,10.2000,3.3192,43.9948,"2,999.0000",170.0000,84.4444,102.0000,35.0000,195.1182,56.6500,100.3273,4.4286,29.1250,11.3500,3.5000,21.0000,6.2000,1.8042,5.0000,260.0000,222.0581,82.0500,3.1368,45.0000,24.9875,32.0000,125.0000,13.4420,"1,305.0000",6.7200,13.0000,25.0052,27.0000,7.3636,43.7272,129.4737,134.9054,1.4049,67.0601,1.9981,80.0000,5.0000,31.0000,3.6204,71.0000,0.0200,2.7800,20.9728,3.4215,,,,,,,,,,
4-Feb-22,126.0000,7.0000,10.2000,3.3200,50.0000,"2,999.0000",170.0000,86.5357,102.0000,35.0000,200.3496,56.0183,105.2532,4.4030,29.1250,11.3500,3.4979,21.4286,6.7233,1.8000,5.0417,260.0000,226.6205,82.0500,3.2384,45.0000,24.9875,32.0000,123.6371,13.4000,"1,355.0000",6.7200,13.0000,26.2858,27.0000,7.3636,43.7272,128.9986,135.4881,1.4067,60.1000,1.9993,80.0000,5.0000,31.0000,3.6000,78.9500,0.0200,2.7800,21.4808,3.4405,,,,,,,,,,
7-Feb-22,126.0000,7.1282,10.0000,3.4242,55.2628,"2,964.8000",170.0000,86.0000,102.0000,35.0000,202.5466,59.5247,105.2043,4.3011,29.7500,11.3500,3.5042,20.5833,6.7300,1.9065,5.1600,259.9715,227.3936,82.0500,3.2000,45.0000,24.9875,32.0000,123.9976,13.4000,"1,355.0000",6.7200,13.0000,26.5038,26.0000,7.0000,43.7272,130.1387,141.6212,1.4101,63.9040,1.9998,80.0000,5.0000,31.0000,3.6015,78.9500,0.0200,2.3935,21.4400,3.4992,,,,,,,,,,
8-Feb-22,127.6667,8.0000,10.0000,3.6461,58.1894,"2,964.8000",170.0000,86.0164,102.0000,30.0000,205.7015,61.5099,106.3990,4.2160,29.0001,11.4000,3.4180,20.5000,6.7004,1.9764,5.1600,259.9715,229.7305,82.0500,3.5000,45.0000,24.9875,32.0000,125.0462,12.5000,"1,355.0000",6.7200,12.0952,26.5683,26.0000,7.4097,44.0000,130.1891,144.4651,1.3643,70.0138,2.0000,80.0000,5.0000,31.0000,3.6000,78.9500,0.0200,2.5820,21.5750,3.3804,,,,,,,,,,
9-Feb-22,127.0250,7.8007,10.0000,3.7235,65.0082,"2,964.8000",170.0000,86.0500,101.4286,30.0000,210.4387,61.7358,110.5234,4.0000,29.0001,11.4000,3.4118,20.5000,6.7500,1.8761,5.1800,260.1000,237.4141,82.0500,3.2591,45.0000,24.9875,32.0000,125.5123,12.5000,"1,400.0000",6.7200,12.0000,26.9176,26.0000,7.4100,44.0000,130.3310,146.4750,1.3461,76.5857,2.3500,80.0000,5.0000,31.0000,3.6000,78.9500,0.0200,3.0000,21.6005,3.3725,,,,,,,,,,
10-Feb-22,127.0250,7.7042,10.0000,3.5584,70.4928,"2,964.8000",170.0000,89.8856,102.0000,34.9750,220.3791,68.3421,112.0768,4.1094,28.9356,11.5000,3.4019,21.8906,6.7500,1.9504,5.1800,280.0069,245.2606,85.0000,3.3014,46.0000,25.0000,32.0000,127.9916,12.5000,"1,400.0000",6.7200,12.0000,27.9860,26.0000,7.4190,46.0000,130.6456,149.6270,1.4607,75.5712,2.2025,80.0000,5.0161,31.0000,3.6009,78.9500,0.0200,3.0012,22.2959,3.3713,,,,,,,,,,
11-Feb-22,127.0250,7.5722,10.0000,3.5151,70.8928,"2,964.7000",170.0000,94.0000,102.0000,34.4375,232.8137,71.1633,119.3132,4.5338,28.9733,11.5000,3.5063,20.1894,6.7500,1.8040,5.1800,334.8933,251.3320,85.0000,3.0448,50.0000,25.0000,32.0000,140.0541,12.5000,"1,400.0000",6.7200,11.8571,28.6279,26.9706,7.4067,46.0000,142.6562,155.3732,1.4136,77.5603,2.2015,80.0000,5.0000,30.0000,3.5853,78.9500,0.0200,3.0000,22.2959,3.5104,,,,,,,,,,
14-Feb-22,127.0214,7.5529,10.4207,3.5020,70.1488,"2,964.7000",170.0000,92.1250,102.0000,34.9694,222.7832,75.3918,122.5255,4.5263,29.1200,11.5000,3.4531,20.0000,7.0000,1.8167,5.0000,332.0000,262.7082,82.0500,2.6334,49.9500,25.0000,32.0000,140.0000,13.2452,"1,401.4851",6.7200,11.8571,31.9570,27.3467,7.4000,46.0000,171.1500,157.0001,1.4089,75.9340,2.2000,80.0000,5.0000,30.0000,3.4006,78.9500,0.0200,3.0000,22.2528,3.8011,,,,,,,,,,
15-Feb-22,138.3489,7.8526,10.3615,3.5019,70.0502,"2,964.7000",170.0000,86.0264,102.0000,34.9694,225.1014,75.2019,126.4412,4.5011,29.0241,11.5000,3.4710,21.0000,7.0000,1.8189,5.0000,339.9862,253.4253,82.0500,2.7913,45.0006,23.0000,32.0000,140.0033,13.2452,"1,680.0000",6.7200,13.6500,33.0483,27.5000,7.4890,46.0000,205.0806,160.9623,1.4080,76.1120,2.2000,80.0000,5.0000,24.0000,3.4157,78.9500,0.0200,3.0000,22.2500,3.8417,,,,,,,,,,
16-Feb-22,138.3489,7.9975,10.3013,3.5013,70.0300,"2,964.8500",170.0000,90.0494,102.0000,35.0000,226.3497,80.0345,130.2541,5.0000,31.0333,11.0000,3.5890,22.2008,7.0000,1.8216,5.0000,335.0000,264.7777,82.0500,3.2579,50.0000,23.0000,32.0000,140.4902,13.2500,"1,698.0180",6.7200,12.0012,34.9878,27.5000,7.4900,46.0000,211.0600,171.3196,1.5026,75.5550,2.2000,80.0000,5.0000,24.0500,3.3533,78.9500,0.0200,3.0336,22.0000,3.8759,,,,,,,,,,
17-Feb-22,138.3489,8.1174,10.8088,3.5070,69.9643,"2,964.8500",170.0000,90.6000,102.0000,34.3611,231.4259,79.7261,133.6751,5.2000,31.0333,11.0000,3.7718,22.2000,7.3600,1.5929,5.0000,330.0000,266.4423,82.0500,3.2566,50.0000,23.0000,32.0000,141.0000,12.5000,"1,698.0180",6.7200,12.1500,35.0360,27.5000,7.4750,50.0000,210.0000,171.1883,1.5975,76.1731,2.2000,80.0000,5.1861,24.0500,3.2111,65.1301,0.0200,3.0306,21.5962,3.7397,,,,,,,,,,
18-Feb-22,143.7297,8.5000,11.5000,3.3917,70.0000,"2,964.8500",170.0000,92.9803,102.0000,35.0000,235.7126,79.9485,139.9787,5.4647,31.0333,11.0000,3.8178,21.0000,7.3700,1.5632,5.0000,330.0000,267.5114,82.0500,3.2515,50.0000,23.0000,32.0000,141.0000,12.5000,"1,799.5050",6.7200,12.0119,35.0000,27.5000,7.4518,50.0000,194.3000,174.9068,1.7693,76.1731,2.0000,80.0000,5.1861,24.0500,3.0383,65.0000,0.0200,3.0257,22.0000,3.6587,,,,,,,,,,
19-Feb-22,143.7297,8.5000,11.5000,3.3917,70.0000,"2,964.8500",170.0000,92.9803,102.0000,35.0000,235.7126,79.9485,139.9787,5.4647,31.0333,11.0000,3.8178,21.0000,7.3700,1.5632,5.0000,330.0000,267.5114,82.0500,3.2515,50.0000,23.0000,32.0000,141.0000,12.5000,"1,799.5050",6.7200,12.0119,35.0000,27.5000,7.4518,50.0000,194.3000,174.9068,1.7693,76.1731,2.0000,80.0000,5.1861,24.0500,3.0383,65.0000,0.0200,3.0257,22.0000,3.6587,,,,,,,,,,
20-Feb-22,143.7297,8.5000,11.5000,3.3917,70.0000,"2,964.8500",170.0000,92.9803,102.0000,35.0000,235.7126,79.9485,139.9787,5.4647,31.0333,11.0000,3.8178,21.0000,7.3700,1.5632,5.0000,330.0000,267.5114,82.0500,3.2515,50.0000,23.0000,32.0000,141.0000,12.5000,"1,799.5050",6.7200,12.0119,35.0000,27.5000,7.4518,50.0000,194.3000,174.9068,1.7693,76.1731,2.0000,80.0000,5.1861,24.0500,3.0383,65.0000,0.0200,3.0257,22.0000,3.6587,,,,,,,,,,
21-Feb-22,143.7297,8.5000,11.5000,3.3917,70.0000,"2,964.8500",170.0000,92.9803,102.0000,35.0000,235.7126,79.9485,139.9787,5.4647,31.0333,11.0000,3.8178,21.0000,7.3700,1.5632,5.0000,330.0000,267.5114,82.0500,3.2515,50.0000,23.0000,32.0000,141.0000,12.5000,"1,799.5050",6.7200,12.0119,35.0000,27.5000,7.4518,50.0000,194.3000,174.9068,1.7693,76.1731,2.0000,80.0000,5.1861,24.0500,3.0383,65.0000,0.0200,3.0257,22.0000,3.6587,,,,,,,,,,
22-Feb-22,145.2351,8.5000,11.1200,3.3344,69.3182,"2,964.8500",170.0000,90.7053,102.0000,35.0000,234.5738,79.0134,142.1940,5.4647,30.0102,11.0000,3.9231,21.0159,7.5000,1.5656,5.0000,330.0000,267.5000,82.0500,3.2907,50.0000,23.0000,32.0000,141.0015,12.4647,"1,799.5050",7.0000,12.0119,34.5637,27.1250,7.4591,50.0000,191.8786,171.5534,1.6369,75.9000,2.0000,75.0000,5.1861,24.0500,3.0263,65.0000,0.0200,2.8667,22.4063,3.6056,,,,,,,,,,
23-Feb-22,170.0000,7.8755,11.0000,3.2051,63.8443,"2,964.8500",170.0000,90.5714,102.0000,33.2396,233.3458,75.1691,138.7643,5.4000,30.3896,11.0000,3.9186,21.1053,6.0000,1.8294,5.0000,339.6104,267.5421,85.0419,3.3000,49.7188,22.0000,32.0000,141.0130,12.4742,"1,799.5050",7.0000,12.0500,31.9710,30.0000,7.4500,50.0000,193.4875,175.1134,1.7245,76.5402,2.0000,75.0000,5.1861,24.0500,3.0056,65.0000,0.0200,2.8745,21.8333,3.6055,,,,,,,,,,
24-Feb-22,170.0000,7.7654,11.0000,3.2557,60.0330,"2,964.8500",170.0000,88.9032,102.0000,34.1471,230.0329,75.0367,139.7873,4.5012,30.0053,11.0000,3.9499,21.0526,6.1507,1.8192,5.0000,340.0000,267.5025,85.0419,3.2616,45.0000,22.0000,32.0000,141.0007,12.5000,"1,799.5050",7.2000,12.4999,32.5349,28.9500,7.4500,50.0000,189.9995,160.7868,1.6919,76.9057,2.0000,80.0000,5.1082,26.0250,3.0000,65.0000,0.0200,2.8268,19.5114,3.8092,,,,,,,,,,
25-Feb-22,170.5500,7.8001,11.3333,3.4809,61.4686,"2,371.9000",170.0000,90.0000,102.0000,33.8200,229.9888,75.0005,139.8321,4.6525,30.0105,11.0000,3.9476,22.0000,6.1507,1.8184,5.0000,340.0000,267.7792,95.0500,3.2444,45.8735,22.0000,32.0000,139.0401,13.5000,"1,799.5050",8.0000,11.8610,32.4960,29.0000,7.3500,51.0646,190.0000,170.0651,1.6948,75.0052,2.0000,96.0000,5.3000,30.0000,2.8420,65.0000,0.0200,2.9525,20.0000,3.8092,,,,,,,,,,
26-Feb-22,170.5500,7.8001,11.3333,3.4809,61.4686,"2,371.9000",170.0000,90.0000,102.0000,33.8200,229.9888,75.0005,139.8321,4.6525,30.0105,11.0000,3.9476,22.0000,6.1507,1.8184,5.0000,340.0000,267.7792,95.0500,3.2444,45.8735,22.0000,32.0000,139.0401,13.5000,"1,799.5050",8.0000,11.8610,32.4960,29.0000,7.3500,51.0646,190.0000,170.0651,1.6948,75.0052,2.0000,96.0000,5.3000,30.0000,2.8420,65.0000,0.0200,2.9525,20.0000,3.8092,,,,,,,,,,
27-Feb-22,170.5500,7.8001,11.3333,3.4809,61.4686,"2,371.9000",170.0000,90.0000,102.0000,33.8200,229.9888,75.0005,139.8321,4.6525,30.0105,11.0000,3.9476,22.0000,6.1507,1.8184,5.0000,340.0000,267.7792,95.0500,3.2444,45.8735,22.0000,32.0000,139.0401,13.5000,"1,799.5050",8.0000,11.8610,32.4960,29.0000,7.3500,51.0646,190.0000,170.0651,1.6948,75.0052,2.0000,96.0000,5.3000,30.0000,2.8420,65.0000,0.0200,2.9525,20.0000,3.8092,,,,,,,,,,
28-Feb-22,204.6500,8.0000,12.4773,3.6239,58.2381,"2,846.2385",170.0000,93.1699,102.0000,34.5000,230.0559,72.0351,136.4624,5.2500,30.0000,11.0000,3.9460,21.0000,6.9540,1.7483,5.0000,340.0000,268.0000,96.0000,3.2410,52.9016,19.7500,32.0000,139.0183,13.5833,"1,799.5050",8.1419,12.0514,31.1710,29.9571,7.3500,52.0000,203.8889,176.2306,1.6941,75.9487,1.9963,95.0405,5.3000,30.0000,2.9003,65.0000,0.0200,2.9573,20.0030,4.0000,,,,,,,,,,
1-Mar-22,205.0000,7.8350,12.5887,3.5000,58.2500,"2,846.0614",170.0000,92.9182,102.0000,34.5000,231.9709,70.0456,138.5061,5.2662,30.0000,10.7000,3.9058,20.0000,6.4188,1.7445,5.0000,339.0000,285.3958,96.0000,3.1563,52.9500,20.0000,32.0000,139.0000,13.7177,"1,799.0000",8.4000,12.0716,31.8041,30.0000,7.2923,51.9702,194.9981,182.3976,1.6603,75.1085,1.9992,95.0000,5.1000,30.0000,2.9084,65.0000,0.0200,2.9738,20.7250,3.9222,,,,,,,,,,
2-Mar-22,205.0000,7.9541,13.0000,3.4123,58.0206,"2,846.0614",170.0000,91.6682,122.4000,34.5000,231.5607,71.9782,138.6675,5.2560,30.0000,10.7000,3.9099,20.0000,6.4931,1.7218,5.0000,339.0000,280.4929,96.0000,3.0000,52.9500,20.0000,32.0000,138.9706,13.7375,"1,799.0000",8.4000,12.1000,30.9936,28.0000,7.2000,51.9701,194.7284,186.0488,1.5147,76.4000,1.9900,95.0000,5.0000,30.0000,2.9111,64.9500,0.0200,2.9833,20.1313,3.9773,,,,,,,,,,
3-Mar-22,220.0000,9.0000,13.0000,3.4059,58.0992,"2,846.0614",170.0000,90.0000,122.4000,34.5514,230.7547,71.9039,138.7937,5.3779,31.0000,10.7000,3.8920,20.0000,7.0000,1.7400,5.0000,339.0000,279.8078,96.0000,3.1846,52.7979,20.0000,32.0000,138.9647,13.3800,"1,799.0000",8.4000,12.0258,30.4035,27.0000,6.0944,51.9701,194.7000,187.0837,1.5143,74.8239,1.9925,95.0000,5.0000,30.0000,3.0000,60.8250,0.0200,2.9833,20.6204,3.8179,,,,,,,,,,
4-Mar-22,220.0000,9.0000,13.0000,3.4015,58.0529,"2,846.0614",170.0000,89.9824,122.4000,34.8893,230.2652,71.0550,138.3796,5.3800,33.0000,10.7000,3.9342,19.1667,6.4923,1.7351,5.0000,339.0000,279.9484,115.2000,2.8000,50.0000,20.0000,32.0000,139.0000,13.3800,"1,798.0319",8.4000,12.0816,29.7036,30.0000,6.0000,51.9701,195.0011,184.8841,1.5001,76.2216,1.9925,111.9679,5.0000,30.0000,3.0000,65.2500,0.0200,3.0000,20.7500,3.8636,,,,,,,,,,
5-Mar-22,220.0000,9.0000,13.0000,3.4015,58.0529,"2,846.0614",170.0000,89.9824,122.4000,34.8893,230.2652,71.0550,138.3796,5.3800,33.0000,10.7000,3.9342,19.1667,6.4923,1.7351,5.0000,339.0000,279.9484,115.2000,2.8000,50.0000,20.0000,32.0000,139.0000,13.3800,"1,798.0319",8.4000,12.0816,29.7036,30.0000,6.0000,51.9701,195.0011,184.8841,1.5001,76.2216,1.9925,111.9679,5.0000,30.0000,3.0000,65.2500,0.0200,3.0000,20.7500,3.8636,,,,,,,,,,
6-Mar-22,220.0000,9.0000,13.0000,3.4015,58.0529,"2,846.0614",170.0000,89.9824,122.4000,34.8893,230.2652,71.0550,138.3796,5.3800,33.0000,10.7000,3.9342,19.1667,6.4923,1.7351,5.0000,339.0000,279.9484,115.2000,2.8000,50.0000,20.0000,32.0000,139.0000,13.3800,"1,798.0319",8.4000,12.0816,29.7036,30.0000,6.0000,51.9701,195.0011,184.8841,1.5001,76.2216,1.9925,111.9679,5.0000,30.0000,3.0000,65.2500,0.0200,3.0000,20.7500,3.8636,,,,,,,,,,
7-Mar-22,211.7027,9.0000,13.0000,3.4908,60.1282,"3,245.0000",170.0000,89.9900,122.4000,34.8182,228.4295,70.4674,137.2458,5.4053,35.6250,10.7000,3.9471,19.1667,6.4923,1.7403,5.0000,339.0000,279.9463,127.2800,2.8837,50.1132,20.0000,34.0000,139.0371,12.5134,"1,798.0319",8.4000,12.5000,29.4397,30.0000,6.1500,51.9701,184.8667,184.3192,1.5005,76.0619,1.9963,111.9679,5.0000,29.5000,2.9652,65.2500,0.0200,2.9025,21.9194,3.6792,,,,,,,,,,
8-Mar-22,220.0000,9.0000,14.5000,3.4985,60.0438,"3,245.0000",170.0000,88.8984,102.0000,35.9676,221.9039,68.1076,138.4714,5.4100,36.0000,10.7000,3.9275,18.9000,7.0000,1.6543,5.0000,339.0000,278.7926,127.3000,3.2037,51.8000,22.5000,34.0000,139.0000,12.5029,"1,798.0319",8.4000,12.4905,28.6938,30.0000,6.2000,51.9701,181.0268,184.5056,1.4413,77.9604,1.9975,110.0000,5.0540,29.5000,2.8802,60.0000,0.0200,2.9813,21.3846,3.9380,,,,,,,,,,
9-Mar-22,220.0000,9.2857,15.5571,3.3995,60.1000,"3,245.0000",170.0000,89.0625,102.0000,35.9519,220.3689,65.6675,134.6271,5.6067,33.0000,10.7000,3.9025,18.9000,7.0000,1.6527,5.0000,339.0000,276.3284,127.3000,3.2638,52.0000,22.5000,34.0000,138.5115,12.5500,"1,750.0000",8.4000,12.5302,28.0339,30.0000,6.2000,52.0000,181.0268,184.0561,1.4708,78.0000,1.9929,110.0000,5.0000,29.5000,2.8027,60.0000,0.0200,3.0000,21.2222,3.9992,,,,,,,,,,
10-Mar-22,220.0000,9.8992,15.6000,3.4000,60.1514,"3,245.0000",170.0000,89.3182,102.0000,35.8799,224.0133,65.5557,133.6883,5.6067,32.0002,10.7000,3.9093,18.9000,7.0000,1.6515,5.0000,271.2000,278.5798,127.3000,3.2265,54.0300,22.5000,34.0000,140.9243,12.5000,"1,750.0000",8.4000,14.0000,28.1407,27.0000,6.2000,52.0000,182.1851,182.1099,1.4080,76.3984,1.9910,110.0000,5.0000,28.0000,2.8500,60.0000,0.0200,3.0000,21.1250,3.6513,,,,,,,,,,
11-Mar-22,234.6667,8.6503,15.6000,3.3658,60.2204,"3,245.0000",170.0000,89.5152,102.0000,35.8799,221.3293,64.9297,132.8607,5.4729,32.0135,10.7000,3.8514,19.5000,6.5286,1.6200,5.0000,271.2000,278.4705,127.3250,3.0227,52.0000,22.0227,34.0000,140.0924,12.5000,"1,750.0000",8.4000,12.4999,28.0459,30.0000,6.2000,52.0000,180.0263,181.4160,1.4100,76.0067,1.9910,110.0000,4.8000,28.0000,2.9500,60.0000,0.0200,3.0000,21.0000,3.9090,,,,,,,,,,
12-Mar-22,234.6667,8.6503,15.6000,3.3658,60.2204,"3,245.0000",170.0000,89.5152,102.0000,35.8799,221.3293,64.9297,132.8607,5.4729,32.0135,10.7000,3.8514,19.5000,6.5286,1.6200,5.0000,271.2000,278.4705,127.3250,3.0227,52.0000,22.0227,34.0000,140.0924,12.5000,"1,750.0000",8.4000,12.4999,28.0459,30.0000,6.2000,52.0000,180.0263,181.4160,1.4100,76.0067,1.9910,110.0000,4.8000,28.0000,2.9500,60.0000,0.0200,3.0000,21.0000,3.9090,,,,,,,,,,
13-Mar-22,234.6667,8.6503,15.6000,3.3658,60.2204,"3,245.0000",170.0000,89.5152,102.0000,35.8799,221.3293,64.9297,132.8607,5.4729,32.0135,10.7000,3.8514,19.5000,6.5286,1.6200,5.0000,271.2000,278.4705,127.3250,3.0227,52.0000,22.0227,34.0000,140.0924,12.5000,"1,750.0000",8.4000,12.4999,28.0459,30.0000,6.2000,52.0000,180.0263,181.4160,1.4100,76.0067,1.9910,110.0000,4.8000,28.0000,2.9500,60.0000,0.0200,3.0000,21.0000,3.9090,,,,,,,,,,
14-Mar-22,235.0000,7.3561,15.8667,3.4000,59.9680,"3,667.0000",170.0000,89.8125,102.0000,35.9975,210.2130,64.6296,132.4464,5.5758,32.0135,10.7000,3.8393,18.9000,7.0000,1.6200,5.0000,245.1241,278.3857,127.3250,3.0000,53.2209,22.0227,34.0000,140.0000,12.5000,"1,750.0000",8.4000,12.5000,27.9985,30.0000,6.2000,52.0000,180.0000,180.0768,1.4112,76.7000,1.9900,110.0000,4.8000,28.0000,3.0249,60.0000,0.0200,3.0000,21.0000,3.9699,,,,,,,,,,
15-Mar-22,220.0000,6.8722,15.8667,3.3981,59.1821,"3,667.0000",170.0000,89.5000,102.0000,35.0000,210.1960,62.6279,128.6338,5.3267,32.0135,10.7000,3.7045,18.9000,7.0000,1.6086,5.0000,245.0000,271.7672,127.0127,3.1333,53.2000,20.5000,34.0000,139.4444,12.5000,"1,750.0000",8.4000,11.0394,27.9183,31.9984,6.2000,52.0000,180.0000,180.7003,1.4070,76.7000,1.9000,110.0000,5.0000,28.0000,2.9266,60.0000,0.0200,3.0000,20.0000,3.6908,,,,,,,,,,
16-Mar-22,264.0000,6.2122,15.9000,3.4056,59.8397,"3,667.0000",170.0000,85.0000,120.0000,34.0000,210.0894,61.0109,120.4264,6.0000,32.0135,10.7000,3.6686,18.9000,7.0000,1.6045,5.0000,285.0000,270.3322,127.0127,3.0106,53.2000,20.5000,34.0000,139.4444,12.5000,"1,750.0000",8.4000,11.9896,26.9746,31.9984,6.2000,52.0000,175.0178,179.3962,1.3911,77.0000,1.9400,110.0000,5.0000,28.0000,2.9978,60.0000,0.0200,2.4608,20.0000,3.9972,,,,,,,,,,
17-Mar-22,220.0000,5.4158,15.9000,3.3899,59.9794,"3,667.0000",170.0000,85.0000,120.0000,34.0000,220.2448,61.0604,129.1856,6.0000,30.0000,10.7000,3.6700,18.9000,7.0000,1.6815,5.0000,295.0000,271.8337,127.0127,3.0943,53.2000,19.0000,33.5000,139.6780,12.5931,"1,750.0000",8.4000,11.9982,27.8375,33.4850,6.2000,52.0000,175.0000,180.0338,1.3996,80.0000,1.6009,110.0000,5.0000,28.0000,3.0000,60.0000,0.0200,2.4601,20.0459,4.0000,,,,,,,,,,
18-Mar-22,219.9978,6.4000,15.9218,3.3645,60.2555,"3,667.0000",170.0000,85.0000,120.0000,34.0000,227.1652,61.7491,135.0861,5.9333,30.0194,12.0000,3.6701,17.1075,7.0000,1.6900,5.0000,312.9808,292.9023,127.8571,2.7817,53.2000,20.2250,34.0000,140.0000,12.5600,"1,751.0000",8.4000,11.9976,28.2300,33.4850,6.3000,52.0000,179.5021,183.0827,1.4874,88.6424,1.6453,110.0000,5.0000,33.6000,3.0052,60.0000,0.0200,2.4601,20.8750,3.9954,,,,,,,,,,
19-Mar-22,219.9978,6.4000,15.9218,3.3645,60.2555,"3,667.0000",170.0000,85.0000,120.0000,34.0000,227.1652,61.7491,135.0861,5.9333,30.0194,12.0000,3.6701,17.1075,7.0000,1.6900,5.0000,312.9808,292.9023,127.8571,2.7817,53.2000,20.2250,34.0000,140.0000,12.5600,"1,751.0000",8.4000,11.9976,28.2300,33.4850,6.3000,52.0000,179.5021,183.0827,1.4874,88.6424,1.6453,110.0000,5.0000,33.6000,3.0052,60.0000,0.0200,2.4601,20.8750,3.9954,,,,,,,,,,
20-Mar-22,219.9978,6.4000,15.9218,3.3645,60.2555,"3,667.0000",170.0000,85.0000,120.0000,34.0000,227.1652,61.7491,135.0861,5.9333,30.0194,12.0000,3.6701,17.1075,7.0000,1.6900,5.0000,312.9808,292.9023,127.8571,2.7817,53.2000,20.2250,34.0000,140.0000,12.5600,"1,751.0000",8.4000,11.9976,28.2300,33.4850,6.3000,52.0000,179.5021,183.0827,1.4874,88.6424,1.6453,110.0000,5.0000,33.6000,3.0052,60.0000,0.0200,2.4601,20.8750,3.9954,,,,,,,,,,
21-Mar-22,260.0000,5.8041,16.0000,3.3428,66.8311,"3,667.0000",170.0000,86.3953,120.0000,34.0000,243.4582,65.9658,141.0050,5.9400,30.0194,12.0000,3.7040,18.0000,7.5556,1.6441,5.0000,311.4041,310.2801,127.8571,3.0004,53.2000,20.0000,34.0000,140.0000,12.5111,"1,750.0197",8.4000,11.7500,30.1447,34.6309,6.3367,62.0000,180.0000,188.0814,1.4902,85.0000,1.5438,110.0000,5.0000,33.6000,3.0152,60.0000,0.0200,2.6000,21.0000,4.1939,,,,,,,,,,
22-Mar-22,245.0000,6.1777,19.0000,3.0421,66.8311,"3,666.0000",170.0000,86.0413,120.0000,34.0000,248.8552,67.6774,142.1585,5.8855,30.0051,12.0000,3.7002,18.0300,7.4473,1.5530,5.0000,311.0000,330.0623,125.0816,3.0506,54.0000,19.5000,34.0000,140.1094,12.5006,"2,023.0000",8.4000,12.7321,30.1742,37.6957,6.3367,64.9333,180.0000,190.2502,1.3592,85.0148,1.6125,110.0000,4.8000,33.0000,3.0003,60.0000,0.0200,2.4071,20.5545,4.4000,,,,,,,,,,
23-Mar-22,231.2267,6.3742,18.9947,3.0897,65.4058,"3,666.0000",170.0000,85.0014,120.0000,33.5000,247.6077,65.1009,142.4382,5.7500,30.0000,13.0000,3.7066,17.2000,7.7259,1.5987,5.0000,275.0458,308.2753,125.0000,3.1961,54.0000,19.5000,34.0000,144.9977,12.5500,"1,900.0000",8.4000,12.0431,30.0664,37.6957,6.3367,62.0000,179.9661,190.0025,1.3038,89.8634,1.6469,111.0500,5.0000,28.0000,3.0000,60.0000,0.0200,2.8000,20.0000,4.3958,,,,,,,,,,
24-Mar-22,231.2500,7.0310,20.0000,3.0500,65.6015,"3,666.0000",170.0000,85.0000,120.0000,34.1154,246.4030,63.6164,141.2885,5.7500,30.0000,13.0000,3.7319,17.9999,8.2000,1.5000,6.0000,275.0458,305.2407,125.0000,3.1001,54.0000,20.5000,34.0000,144.7351,12.5500,"1,895.0000",7.0000,14.0000,30.1397,37.6957,6.3367,62.0000,179.9661,189.9631,1.4252,90.0500,1.6469,111.0500,5.0000,28.0000,3.0000,60.0000,0.0200,3.0000,19.4286,4.4650,,,,,,,,,,
25-Mar-22,231.1000,8.0496,19.0000,3.2031,68.7146,"3,666.0000",170.0000,85.0200,120.0000,36.0000,245.1410,63.0679,140.6958,5.3750,36.0000,13.0000,3.9022,17.9999,9.6804,1.3283,6.0000,299.9915,305.0963,130.0000,3.0351,54.0000,20.5000,34.0000,144.7000,13.0000,"1,895.0000",8.4000,12.0136,30.0972,37.7844,6.2000,62.0000,180.0000,189.0091,1.4351,95.9457,1.6500,111.0500,5.0000,28.0000,2.5552,60.0000,0.0200,3.0000,19.4286,4.3294,,,,,,,,,,
26-Mar-22,231.1000,8.0496,19.0000,3.2031,68.7146,"3,666.0000",170.0000,85.0200,120.0000,36.0000,245.1410,63.0679,140.6958,5.3750,36.0000,13.0000,3.9022,17.9999,9.6804,1.3283,6.0000,299.9915,305.0963,130.0000,3.0351,54.0000,20.5000,34.0000,144.7000,13.0000,"1,895.0000",8.4000,12.0136,30.0972,37.7844,6.2000,62.0000,180.0000,189.0091,1.4351,95.9457,1.6500,111.0500,5.0000,28.0000,2.5552,60.0000,0.0200,3.0000,19.4286,4.3294,,,,,,,,,,
27-Mar-22,231.1000,8.0496,19.0000,3.2031,68.7146,"3,666.0000",170.0000,85.0200,120.0000,36.0000,245.1410,63.0679,140.6958,5.3750,36.0000,13.0000,3.9022,17.9999,9.6804,1.3283,6.0000,299.9915,305.0963,130.0000,3.0351,54.0000,20.5000,34.0000,144.7000,13.0000,"1,895.0000",8.4000,12.0136,30.0972,37.7844,6.2000,62.0000,180.0000,189.0091,1.4351,95.9457,1.6500,111.0500,5.0000,28.0000,2.5552,60.0000,0.0200,3.0000,19.4286,4.3294,,,,,,,,,,
28-Mar-22,230.6250,8.4594,19.0014,3.2112,69.6088,"3,666.0000",170.0000,94.0000,120.0000,35.4697,245.0140,65.0967,139.9528,5.6136,36.0000,13.0000,3.8052,17.9999,9.0000,1.3801,6.0000,300.0000,306.0311,130.0000,2.8971,54.0000,20.9444,34.0000,144.7000,14.5500,"1,700.0000",8.4000,12.0266,30.1178,44.0000,6.4050,62.0000,180.0000,190.0270,1.4030,93.0263,1.6500,112.0500,5.0000,28.0000,2.5857,60.0000,0.0200,3.3204,19.5333,4.3776,,,,,,,,,,
29-Mar-22,220.0000,8.6656,20.0000,3.2500,69.7820,"3,666.0000",170.0000,90.3314,122.0000,36.0000,244.3939,68.2385,139.8132,5.6176,35.9528,13.0000,3.9459,17.9999,9.0000,1.3613,6.2000,316.7391,306.3841,130.0000,3.0025,54.0000,21.0000,34.0000,138.5331,12.5045,"1,700.0000",8.4000,11.8894,30.1137,44.0000,6.4100,62.0000,179.9910,210.4292,1.4369,93.9618,1.6500,112.0333,4.6004,33.0000,2.6044,55.0049,0.0200,3.3200,18.0010,4.3807,,,,,,,,,,
30-Mar-22,220.0000,8.6491,19.0030,3.2351,71.0000,"3,666.0000",180.0000,93.7832,122.0000,36.0000,241.9737,67.1789,139.2987,5.4588,35.9496,13.0000,4.5006,17.6375,8.9111,1.2588,6.2000,316.0000,306.4295,125.0000,3.0006,54.0000,21.0000,34.0000,139.9870,12.6500,"1,700.0000",8.4000,12.0000,30.1804,44.0000,6.4427,62.0000,180.0000,216.0408,1.4002,93.9618,1.6500,112.0333,4.8000,33.0000,2.8194,55.0000,0.0200,3.3200,19.7429,4.1016,,,,,,,,,,
31-Mar-22,220.0000,8.7255,20.0000,3.1194,72.0021,"3,665.0000",215.0000,90.6897,122.0000,36.0000,240.9214,69.8445,138.2422,5.6040,35.9500,13.0000,4.5071,18.0000,10.2613,1.3193,6.5000,299.9905,307.4921,125.0000,3.0000,53.9955,21.0000,34.0000,140.7662,14.5500,"1,800.0000",8.4000,12.0750,30.0281,42.0000,6.4500,55.0000,179.9092,221.5475,1.4000,96.1190,1.6500,112.0000,4.8000,33.5000,3.0500,60.0000,0.0200,3.3200,20.8603,4.2165,,,,,,,,,,
1-Apr-22,220.0000,9.0000,20.0000,3.1200,72.0000,"3,664.9563",215.0000,90.0586,122.1005,36.0000,241.6992,75.0000,137.7389,4.5219,35.6000,13.0000,4.8001,18.0000,11.0000,1.4267,6.5000,300.0000,306.0877,125.0000,3.0279,57.1250,21.0000,34.0000,140.3846,14.5500,"1,800.0000",8.4000,11.9937,29.9913,42.0000,6.5625,55.0000,179.7192,245.0000,1.3993,96.1190,1.6500,112.0000,5.5000,33.5000,3.0263,60.0000,0.0200,2.6609,20.9000,4.1927,,,,,,,,,,
2-Apr-22,220.0000,9.0000,20.0000,3.1200,72.0000,"3,664.9563",215.0000,90.0586,122.1005,36.0000,241.6992,75.0000,137.7389,4.5219,35.6000,13.0000,4.8001,18.0000,11.0000,1.4267,6.5000,300.0000,306.0877,125.0000,3.0279,57.1250,21.0000,34.0000,140.3846,14.5500,"1,800.0000",8.4000,11.9937,29.9913,42.0000,6.5625,55.0000,179.7192,245.0000,1.3993,96.1190,1.6500,112.0000,5.5000,33.5000,3.0263,60.0000,0.0200,2.6609,20.9000,4.1927,,,,,,,,,,
3-Apr-22,220.0000,9.0000,20.0000,3.1200,72.0000,"3,664.9563",215.0000,90.0586,122.1005,36.0000,241.6992,75.0000,137.7389,4.5219,35.6000,13.0000,4.8001,18.0000,11.0000,1.4267,6.5000,300.0000,306.0877,125.0000,3.0279,57.1250,21.0000,34.0000,140.3846,14.5500,"1,800.0000",8.4000,11.9937,29.9913,42.0000,6.5625,55.0000,179.7192,245.0000,1.3993,96.1190,1.6500,112.0000,5.5000,33.5000,3.0263,60.0000,0.0200,2.6609,20.9000,4.1927,,,,,,,,,,
4-Apr-22,220.0000,9.0085,20.0000,3.0500,78.1250,"3,664.0000",250.0000,90.0168,122.1005,34.5714,240.2978,75.0007,137.5309,4.5539,35.7815,13.0000,5.0884,18.0000,12.0219,1.4657,6.5000,299.9800,306.5615,125.0833,3.2000,56.7778,17.6000,34.0000,139.9507,13.7750,"1,800.0000",8.4000,11.9937,29.8984,42.0000,6.5700,66.0000,179.7031,255.7970,1.3921,96.0147,1.6500,112.0000,5.5000,33.5000,3.0106,60.5000,0.0200,2.3496,21.9130,4.0970,,,,,,,,,,
5-Apr-22,219.9900,9.1861,20.0000,3.1024,80.0938,"3,664.0000",250.0000,90.0000,122.1005,34.7500,240.4103,74.7824,136.3709,4.5515,41.0000,13.0000,5.8058,18.0000,12.5111,1.5382,6.6000,299.9800,310.2000,125.0833,3.2000,56.7778,18.0333,34.0000,135.0518,14.5500,"1,800.0000",8.4000,13.8889,29.5896,42.0000,6.5700,66.0000,179.7462,264.7164,1.3340,106.7000,1.9000,112.0000,6.0000,33.5000,3.0000,60.0000,0.0200,2.4757,19.0033,4.0961,,,,,,,,,,
6-Apr-22,219.9900,10.4368,20.0000,3.1267,80.0335,"3,662.9553",250.0000,89.9991,122.1005,34.0000,241.7146,71.0750,136.3856,5.4000,41.0000,13.0000,6.1006,18.0000,12.5768,1.4813,6.6000,289.9864,311.5854,125.0833,3.1250,56.8649,18.0000,34.0000,134.5000,14.5500,"2,056.9196",8.4000,13.5198,29.7505,42.0000,6.5000,72.0000,180.0000,273.5940,1.3567,107.3938,1.9000,112.0000,7.1000,33.5000,3.0506,60.0000,0.0200,2.6000,19.0040,4.0082,,,,,,,,,,
7-Apr-22,235.0000,9.0063,20.0000,3.1520,81.1433,"3,660.0000",250.0000,88.0000,122.1005,35.0999,244.2139,73.1729,138.1126,4.5460,45.0000,13.0000,6.6075,18.0000,12.5000,1.3257,6.0000,290.9745,313.4484,135.0000,2.9994,56.9500,18.0000,34.0000,135.0177,14.7265,"2,056.7500",8.4000,14.0000,29.3976,42.0000,6.5738,72.0000,180.3628,273.7821,1.3932,108.1621,1.9000,112.0000,7.1000,33.5000,3.0565,55.0000,0.0200,2.5235,22.7000,3.9991,,,,,,,,,,
8-Apr-22,235.0000,9.0008,19.8889,3.1513,90.8949,"3,659.9781",250.0000,89.0065,130.0500,35.0386,265.2546,76.1016,144.5729,4.6548,45.0000,13.0000,7.0805,18.0000,12.5000,1.5696,6.0000,300.0180,321.0333,135.0000,2.9479,57.0381,18.0000,34.0000,137.5170,15.1000,"2,056.7500",8.4000,16.0000,30.0055,42.0000,6.5738,73.6364,180.4586,282.0255,1.5055,120.0036,1.8975,112.0000,7.6400,33.5000,3.2517,55.0000,0.0200,2.5000,23.0834,4.0168,,,,,,,,,,
9-Apr-22,235.0000,9.0008,19.8889,3.1513,90.8949,"3,659.9781",250.0000,89.0065,130.0500,35.0386,265.2546,76.1016,144.5729,4.6548,45.0000,13.0000,7.0805,18.0000,12.5000,1.5696,6.0000,300.0180,321.0333,135.0000,2.9479,57.0381,18.0000,34.0000,137.5170,15.1000,"2,056.7500",8.4000,16.0000,30.0055,42.0000,6.5738,73.6364,180.4586,282.0255,1.5055,120.0036,1.8975,112.0000,7.6400,33.5000,3.2517,55.0000,0.0200,2.5000,23.0834,4.0168,,,,,,,,,,
10-Apr-22,235.0000,9.0008,19.8889,3.1513,90.8949,"3,659.9781",250.0000,89.0065,130.0500,35.0386,265.2546,76.1016,144.5729,4.6548,45.0000,13.0000,7.0805,18.0000,12.5000,1.5696,6.0000,300.0180,321.0333,135.0000,2.9479,57.0381,18.0000,34.0000,137.5170,15.1000,"2,056.7500",8.4000,16.0000,30.0055,42.0000,6.5738,73.6364,180.4586,282.0255,1.5055,120.0036,1.8975,112.0000,7.6400,33.5000,3.2517,55.0000,0.0200,2.5000,23.0834,4.0168,,,,,,,,,,
11-Apr-22,235.0000,9.4333,19.9811,3.4935,100.0050,"3,659.9781",250.0000,90.0097,150.0000,35.0420,280.9891,81.0929,150.0777,5.0640,48.8600,13.0000,7.1394,18.0000,12.5000,1.5437,6.0000,300.0000,325.0959,135.0000,3.1461,57.0381,16.6667,34.0000,137.5170,18.1000,"2,056.7500",8.4000,19.2000,31.2322,42.0000,6.6988,73.6364,181.0000,282.2088,1.5522,144.0000,1.8992,112.0000,8.0000,33.5000,3.2557,61.0000,0.0200,2.6000,21.0000,4.0418,,,,,,,,,,
12-Apr-22,239.5452,10.2227,20.0000,3.5062,111.3014,"3,659.9781",250.0000,95.7770,155.0000,39.6444,304.9109,94.7508,178.6328,5.0095,46.2375,15.6000,7.3084,18.3000,12.5000,1.5705,6.0000,360.0000,352.2434,135.0000,3.1841,59.7500,17.0000,34.0000,139.9733,19.3781,"2,059.8176",8.4000,20.6241,37.2844,44.0000,7.5000,75.0000,181.0448,284.5769,1.7910,146.6596,1.9000,112.0000,7.0192,31.7250,3.8841,61.0000,0.0200,2.7298,23.0442,4.0878,,,,,,,,,,
13-Apr-22,287.4500,10.4776,20.0000,3.7012,128.6261,"3,660.0000",250.0000,111.2441,155.0000,39.9844,320.0230,112.4321,204.9780,5.6607,49.9122,15.6000,7.7030,20.0250,11.5566,1.7085,6.0000,400.0000,387.8004,135.0000,3.2001,64.8485,17.0000,34.0000,154.4016,19.5091,"2,059.8176",8.4000,20.4816,39.9620,44.0000,7.5000,75.9125,212.6629,299.4718,1.8976,174.7703,1.9000,132.0000,7.2045,32.5750,4.1851,60.5586,0.0200,3.2009,23.5000,4.1107,,,,,,,,,,
14-Apr-22,344.9000,11.4942,23.0401,4.0474,147.6902,"3,660.0000",250.0000,133.2353,155.0000,39.5261,353.0882,119.1481,205.0463,5.9000,54.8750,17.1750,7.9258,22.0000,12.0000,1.8727,7.2000,399.9999,407.9675,135.0000,3.3230,64.0141,19.4000,34.0000,160.0227,20.0000,"2,060.0000",8.5100,20.7979,44.0281,44.0000,7.5000,75.9125,214.0000,299.9360,2.0001,180.7031,1.9000,132.0000,7.4848,26.9000,4.2779,63.3784,0.0200,2.6643,26.2766,4.5000,,,,,,,,,,
15-Apr-22,344.9000,11.4942,23.0401,4.0474,147.6902,"3,660.0000",250.0000,133.2353,155.0000,39.5261,353.0882,119.1481,205.0463,5.9000,54.8750,17.1750,7.9258,22.0000,12.0000,1.8727,7.2000,399.9999,407.9675,135.0000,3.3230,64.0141,19.4000,34.0000,160.0227,20.0000,"2,060.0000",8.5100,20.7979,44.0281,44.0000,7.5000,75.9125,214.0000,299.9360,2.0001,180.7031,1.9000,132.0000,7.4848,26.9000,4.2779,63.3784,0.0200,2.6643,26.2766,4.5000,,,,,,,,,,
16-Apr-22,344.9000,11.4942,23.0401,4.0474,147.6902,"3,660.0000",250.0000,133.2353,155.0000,39.5261,353.0882,119.1481,205.0463,5.9000,54.8750,17.1750,7.9258,22.0000,12.0000,1.8727,7.2000,399.9999,407.9675,135.0000,3.3230,64.0141,19.4000,34.0000,160.0227,20.0000,"2,060.0000",8.5100,20.7979,44.0281,44.0000,7.5000,75.9125,214.0000,299.9360,2.0001,180.7031,1.9000,132.0000,7.4848,26.9000,4.2779,63.3784,0.0200,2.6643,26.2766,4.5000,,,,,,,,,,
17-Apr-22,344.9000,11.4942,23.0401,4.0474,147.6902,"3,660.0000",250.0000,133.2353,155.0000,39.5261,353.0882,119.1481,205.0463,5.9000,54.8750,17.1750,7.9258,22.0000,12.0000,1.8727,7.2000,399.9999,407.9675,135.0000,3.3230,64.0141,19.4000,34.0000,160.0227,20.0000,"2,060.0000",8.5100,20.7979,44.0281,44.0000,7.5000,75.9125,214.0000,299.9360,2.0001,180.7031,1.9000,132.0000,7.4848,26.9000,4.2779,63.3784,0.0200,2.6643,26.2766,4.5000,,,,,,,,,,
18-Apr-22,344.9000,11.4942,23.0401,4.0474,147.6902,"3,660.0000",250.0000,133.2353,155.0000,39.5261,353.0882,119.1481,205.0463,5.9000,54.8750,17.1750,7.9258,22.0000,12.0000,1.8727,7.2000,399.9999,407.9675,135.0000,3.3230,64.0141,19.4000,34.0000,160.0227,20.0000,"2,060.0000",8.5100,20.7979,44.0281,44.0000,7.5000,75.9125,214.0000,299.9360,2.0001,180.7031,1.9000,132.0000,7.4848,26.9000,4.2779,63.3784,0.0200,2.6643,26.2766,4.5000,,,,,,,,,,
19-Apr-22,344.9000,11.1716,25.7830,4.1000,165.9394,"3,660.0000",250.0000,129.9862,186.0000,44.3138,353.2900,126.9822,217.7977,5.9110,54.0769,17.2000,7.9664,26.0333,12.0128,2.2043,7.8400,400.0000,411.7841,136.2500,3.8390,70.0000,19.7278,34.0000,160.0976,20.0000,"2,060.0000",10.0000,24.2308,49.9758,44.0000,7.3333,75.9125,215.0000,299.9294,1.9946,207.5000,1.9000,132.0000,8.0000,27.6333,4.2990,63.3784,0.0200,2.6701,26.2467,4.1972,,,,,,,,,,
20-Apr-22,344.9100,11.0011,24.0179,4.3058,159.3896,"3,660.0000",250.0000,130.0000,186.0000,48.0000,359.9528,127.3573,224.0003,5.8727,54.0769,17.2000,7.5835,21.7023,12.0222,1.9981,7.8667,405.5385,424.3351,162.0000,3.9000,70.0000,19.9914,34.0000,191.3808,21.0000,"2,059.9500",10.0000,20.7525,59.3346,45.0867,7.4080,75.9125,215.0000,300.0011,2.0385,220.0000,1.8002,132.0000,7.0000,29.6333,4.2860,66.3800,0.0200,3.1000,26.2467,4.4979,,,,,,,,,,
21-Apr-22,345.0400,11.0292,24.0500,4.2106,162.5960,"3,660.0000",260.0000,129.6861,186.0000,46.9288,359.9017,129.0869,228.5109,6.0000,60.0000,17.2000,6.6990,24.5000,11.0588,1.9784,7.9367,400.0000,432.7077,162.0000,3.9752,70.0000,19.9914,34.0000,210.9422,20.9750,"2,059.0000",10.0000,20.7964,58.9947,51.0059,7.3546,91.0500,213.0509,300.3355,1.9819,222.5513,1.8962,132.0000,7.0000,30.0000,4.2000,66.3800,0.0240,3.3657,25.1628,4.4992,,,,,,,,,,
22-Apr-22,345.0400,11.2676,24.5000,4.1130,177.5441,"3,660.0000",260.0000,140.2244,200.0000,49.5455,376.7127,131.1802,237.3691,6.0048,59.1429,17.2000,7.4535,24.5000,10.0000,2.0000,9.0000,399.7500,500.4275,162.0000,4.2417,70.0000,20.0000,34.0000,224.1339,24.8000,"2,060.0000",12.0000,20.9294,58.9428,58.8211,7.4400,109.2500,215.2074,300.6697,2.0554,258.0870,1.8999,132.0000,7.2300,30.0000,4.0436,66.3800,0.0240,3.3930,25.3958,4.5029,,,,,,,,,,
23-Apr-22,345.0400,11.2676,24.5000,4.1130,177.5441,"3,660.0000",260.0000,140.2244,200.0000,49.5455,376.7127,131.1802,237.3691,6.0048,59.1429,17.2000,7.4535,24.5000,10.0000,2.0000,9.0000,399.7500,500.4275,162.0000,4.2417,70.0000,20.0000,34.0000,224.1339,24.8000,"2,060.0000",12.0000,20.9294,58.9428,58.8211,7.4400,109.2500,215.2074,300.6697,2.0554,258.0870,1.8999,132.0000,7.2300,30.0000,4.0436,66.3800,0.0240,3.3930,25.3958,4.5029,,,,,,,,,,
24-Apr-22,345.0400,11.2676,24.5000,4.1130,177.5441,"3,660.0000",260.0000,140.2244,200.0000,49.5455,376.7127,131.1802,237.3691,6.0048,59.1429,17.2000,7.4535,24.5000,10.0000,2.0000,9.0000,399.7500,500.4275,162.0000,4.2417,70.0000,20.0000,34.0000,224.1339,24.8000,"2,060.0000",12.0000,20.9294,58.9428,58.8211,7.4400,109.2500,215.2074,300.6697,2.0554,258.0870,1.8999,132.0000,7.2300,30.0000,4.0436,66.3800,0.0240,3.3930,25.3958,4.5029,,,,,,,,,,
25-Apr-22,345.0400,12.2720,24.6000,4.1861,184.4655,"3,660.0000",260.0000,149.5500,200.0000,50.5589,390.3141,133.8869,276.3393,6.0489,60.0000,17.2000,7.5545,26.0000,11.2614,1.9947,9.0000,400.0013,509.8923,162.0000,4.3055,69.9833,20.0000,34.0000,268.0000,24.0000,"2,060.0000",12.0079,25.0000,57.2114,66.8715,7.4070,118.6923,216.6627,317.9705,2.0348,296.0822,1.9000,132.0000,7.4931,33.9429,4.0650,63.0000,0.0288,3.4834,23.4559,4.9233,,,,,,,,,,
26-Apr-22,368.0333,13.4509,24.1739,4.2192,204.6844,"3,660.0000",260.0000,150.6800,200.0000,51.6452,458.0401,157.7654,329.0326,5.9878,70.0000,20.6000,7.6112,26.0000,11.8083,2.2081,9.8000,444.2753,596.3254,169.5455,3.7523,73.0000,20.0000,34.0000,269.9165,24.0000,"2,191.1875",12.0079,26.3333,59.9242,78.0000,7.5000,142.4000,225.7987,320.4675,2.3085,341.0196,1.9000,132.0000,7.2000,30.0006,3.8935,63.0000,0.0288,4.1800,24.4368,5.3994,,,,,,,,,,
27-Apr-22,368.0333,13.3600,28.3074,4.4300,209.5710,"3,685.2414",260.0000,164.0000,200.0000,51.9848,459.0686,164.5016,331.7117,6.2960,70.0127,21.0000,7.8958,26.0000,12.0000,2.4596,9.8000,450.0000,613.9641,169.5455,3.8968,74.7500,22.4000,27.5000,271.7412,25.3250,"2,200.0000",12.0079,31.3000,62.1636,83.2734,7.6100,169.6000,234.9914,329.5376,2.3279,336.0952,1.9000,138.0000,7.4987,30.5000,3.8394,63.0000,0.0288,5.0000,27.0000,5.4422,,,,,,,,,,
28-Apr-22,368.0389,13.5819,28.8000,4.0700,199.0232,"3,685.0000",260.0000,155.2889,200.0000,51.9841,451.8952,164.4819,329.4448,6.0284,70.0589,21.5882,7.9703,26.0000,11.1250,2.4715,9.8000,450.0088,592.8453,169.5455,4.3357,80.0000,22.4250,27.5000,274.9365,25.7205,"2,200.6667",12.0079,33.2877,60.1769,90.8824,8.0000,168.0000,235.0000,329.4543,2.2068,270.0446,1.9371,140.0000,7.4951,30.1667,3.8002,75.6000,0.0288,5.9893,24.7426,5.4500,,,,,,,,,,
29-Apr-22,368.0389,13.6500,28.7600,4.2414,189.8644,"3,685.0000",260.0000,167.1263,200.0000,51.6667,442.2090,164.6362,281.9323,6.0150,74.9500,21.0000,9.2126,23.0440,11.0000,2.4464,9.7500,450.0000,619.8938,171.0000,5.1169,79.5345,22.4000,27.5000,274.9365,25.7000,"2,200.0000",12.0079,34.3097,60.4010,90.0000,8.0000,168.0000,235.9651,321.0813,2.2297,250.5101,2.0088,140.0000,7.4000,30.2139,3.7918,89.5082,0.0288,5.9996,24.5000,5.4331,,,,,,,,,,
30-Apr-22,368.0389,13.6500,28.7600,4.2414,189.8644,"3,685.0000",260.0000,167.1263,200.0000,51.6667,442.2090,164.6362,281.9323,6.0150,74.9500,21.0000,9.2126,23.0440,11.0000,2.4464,9.7500,450.0000,619.8938,171.0000,5.1169,79.5345,22.4000,27.5000,274.9365,25.7000,"2,200.0000",12.0079,34.3097,60.4010,90.0000,8.0000,168.0000,235.9651,321.0813,2.2297,250.5101,2.0088,140.0000,7.4000,30.2139,3.7918,89.5082,0.0288,5.9996,24.5000,5.4331,,,,,,,,,,
